,Pred_0,Pred_1
Actual_0,0.9983242258652095,0.0016757741347905282
Actual_1,0.4647058823529412,0.5352941176470588
