,Pred_0,Pred_1
Actual_0,0.9949726775956285,0.005027322404371585
Actual_1,0.45372549019607844,0.5462745098039216
