,Pred_0,Pred_1
Actual_0,0.9964663023679418,0.003533697632058288
Actual_1,0.31176470588235294,0.6882352941176471
