,Pred_0,Pred_1
Actual_0,0.9649544626593807,0.035045537340619305
Actual_1,0.22431372549019607,0.7756862745098039
