,Pred_0,Pred_1
Actual_0,0.994535519125683,0.00546448087431694
Actual_1,0.4372549019607843,0.5627450980392157
