,Pred_0,Pred_1
Actual_0,0.9992714025500911,0.0007285974499089253
Actual_1,0.3180392156862745,0.6819607843137255
