,Pred_0,Pred_1
Actual_0,0.9981785063752276,0.0018214936247723133
Actual_1,0.616078431372549,0.38392156862745097
